INSERT INTO projects
(id, title, category, funding_goal, start_date, end_date)
VALUES
(1, 'rpg_thing', 'game', 250, '05/19', '07/19');
INSERT INTO projects
(id, title, category, funding_goal, start_date, end_date)
VALUES
(2, 'football_thing', 'game', 280, '06/19', '07/19');
INSERT INTO projects
(id, title, category, funding_goal, start_date, end_date)
VALUES
(3, 'puzzle_thing', 'game', 320, '05/19', '09/19');
INSERT INTO projects
(id, title, category, funding_goal, start_date, end_date)
VALUES
(4, 'tech_solutions', 'start-up', 5000, '04/19', '08/19');
INSERT INTO projects
(id, title, category, funding_goal, start_date, end_date)
VALUES
(5, 'rap_album', 'music', 450, '08/19', '11/19');
INSERT INTO projects
(id, title, category, funding_goal, start_date, end_date)
VALUES
(6, 'pop_album', 'music', 3450, '06/19', '09/19');
INSERT INTO projects
(id, title, category, funding_goal, start_date, end_date)
VALUES
(7, 'artsy', 'start-up', 1350, '06/19', '08/19');
INSERT INTO projects
(id, title, category, funding_goal, start_date, end_date)
VALUES
(8, 'action_thing', 'game', 950, '08/19', '10/19');
INSERT INTO projects
(id, title, category, funding_goal, start_date, end_date)
VALUES
(9, 'card_thing', 'game', 470, '08/19', '12/19');
INSERT INTO projects
(id, title, category, funding_goal, start_date, end_date)
VALUES
(10, 'rock_album', 'music', 1030, '05/19', '08/19');

-- next table --

INSERT INTO users
(id, name, age)
VALUES
(1, 'Bobby', 23);
INSERT INTO users
(id, name, age)
VALUES
(2, 'Angie', 25);
INSERT INTO users
(id, name, age)
VALUES
(3, 'Lucy', 19);
INSERT INTO users
(id, name, age)
VALUES
(4, 'Laurence', 40);
INSERT INTO users
(id, name, age)
VALUES
(5, 'Camilla', 37);
INSERT INTO users
(id, name, age)
VALUES
(6, 'Dan', 64);
INSERT INTO users
(id, name, age)
VALUES
(7, 'Ken', 52);
INSERT INTO users
(id, name, age)
VALUES
(8, 'Yasmin', 29);
INSERT INTO users
(id, name, age)
VALUES
(9, 'Ruben', 26);
INSERT INTO users
(id, name, age)
VALUES
(10, 'Louise', 41);
INSERT INTO users
(id, name, age)
VALUES
(11, 'Evelyn', 21);
INSERT INTO users
(id, name, age)
VALUES
(12, 'Nick', 32);
INSERT INTO users
(id, name, age)
VALUES
(13, 'Jamie', 38);
INSERT INTO users
(id, name, age)
VALUES
(14, 'Ryan', 22);
INSERT INTO users
(id, name, age)
VALUES
(15, 'Violet', 34);
INSERT INTO users
(id, name, age)
VALUES
(16, 'Mary', 49);
INSERT INTO users
(id, name, age)
VALUES
(17, 'Francesca', 23);
INSERT INTO users
(id, name, age)
VALUES
(18, 'Pablo', 27);
INSERT INTO users
(id, name, age)
VALUES
(19, 'Darren', 36);
INSERT INTO users
(id, name, age)
VALUES
(20, 'Rosie', 31);

-- next table --

INSERT INTO pledges
(id, amount, user_id, project_id)
VALUES
(1, 20, 2, 3);
INSERT INTO pledges
(id, amount, user_id, project_id)
VALUES
(2, 15, 1, 3);
INSERT INTO pledges
(id, amount, user_id, project_id)
VALUES
(3, 30, 8, 7);
INSERT INTO pledges
(id, amount, user_id, project_id)
VALUES
(4, 25, 12, 6);
INSERT INTO pledges
(id, amount, user_id, project_id)
VALUES
(5, 60, 5, 8);
INSERT INTO pledges
(id, amount, user_id, project_id)
VALUES
(6, 72, 4, 9);
INSERT INTO pledges
(id, amount, user_id, project_id)
VALUES
(7, 10, 1, 4);
INSERT INTO pledges
(id, amount, user_id, project_id)
VALUES
(8, 120, 18, 2);
INSERT INTO pledges
(id, amount, user_id, project_id)
VALUES
(9, 80, 11, 5);
INSERT INTO pledges
(id, amount, user_id, project_id)
VALUES
(10, 150, 19, 1);
INSERT INTO pledges
(id, amount, user_id, project_id)
VALUES
(11, 15, 17, 6);
INSERT INTO pledges
(id, amount, user_id, project_id)
VALUES
(12, 35, 12, 10);
INSERT INTO pledges
(id, amount, user_id, project_id)
VALUES
(13, 20, 20, 2);
INSERT INTO pledges
(id, amount, user_id, project_id)
VALUES
(14, 28, 15, 3);
INSERT INTO pledges
(id, amount, user_id, project_id)
VALUES
(15, 40, 9, 10);
INSERT INTO pledges
(id, amount, user_id, project_id)
VALUES
(16, 100, 8, 9);
INSERT INTO pledges
(id, amount, user_id, project_id)
VALUES
(17, 50, 16, 7);
INSERT INTO pledges
(id, amount, user_id, project_id)
VALUES
(18, 30, 14, 3);
INSERT INTO pledges
(id, amount, user_id, project_id)
VALUES
(19, 25, 13, 9);
INSERT INTO pledges
(id, amount, user_id, project_id)
VALUES
(20, 20, 7, 5);
INSERT INTO pledges
(id, amount, user_id, project_id)
VALUES
(21, 15, 16, 6);
INSERT INTO pledges
(id, amount, user_id, project_id)
VALUES
(22, 45, 12, 3);
INSERT INTO pledges
(id, amount, user_id, project_id)
VALUES
(23, 65, 17, 9);
INSERT INTO pledges
(id, amount, user_id, project_id)
VALUES
(24, 55, 18, 10);
INSERT INTO pledges
(id, amount, user_id, project_id)
VALUES
(25, 90, 4, 8);
INSERT INTO pledges
(id, amount, user_id, project_id)
VALUES
(26, 45, 3, 7);
INSERT INTO pledges
(id, amount, user_id, project_id)
VALUES
(27, 70, 12, 1);
INSERT INTO pledges
(id, amount, user_id, project_id)
VALUES
(28, 85, 20, 2);
INSERT INTO pledges
(id, amount, user_id, project_id)
VALUES
(29, 10, 1, 1);
INSERT INTO pledges
(id, amount, user_id, project_id)
VALUES
(30, 25, 14, 4);
